"Read Details","Prečítať Podrobnosti",module,Magento_AdminNotification
"Mark as Read","Označiť ako prečítané",module,Magento_AdminNotification
"Are you sure?","Ste si istí?",module,Magento_AdminNotification
Remove,Odstrániť,module,Magento_AdminNotification
"Messages Inbox","Schárnka prijatých správ",module,Magento_AdminNotification
"You have %1 new system messages","Máte %1 nových systémových správ",module,Magento_AdminNotification
"You have %1 new system message","Máte %1 novú systémovú správu",module,Magento_AdminNotification
"Incoming Message","Prijata správa",module,Magento_AdminNotification
close,zatvoriť,module,Magento_AdminNotification
Notifications,Oznámenia,module,Magento_AdminNotification
"The message has been marked as Read.","Správa bola označená ako prečítaná.",module,Magento_AdminNotification
"We couldn't mark the notification as Read because of an error.","Z dôvodu chyby nebolo možné označiť oznámenie ako prečítané.",module,Magento_AdminNotification
"Please select messages.","Prosím vyberte správy.",module,Magento_AdminNotification
"A total of %1 record(s) have been marked as Read.","Celkom %1 záznam(ov) bol(o) označený(ch) ako prečítané.",module,Magento_AdminNotification
"Total of %1 record(s) have been removed.","Celkom %1 záznam(ov) bol(o) odstráný(ch).",module,Magento_AdminNotification
"We couldn't remove the messages because of an error.","Z dôvodu chyby nebolo možné odstrániť chybu.",module,Magento_AdminNotification
"The message has been removed.","Správa bola odstránená.",module,Magento_AdminNotification
"1 Hour","1 hodina",module,Magento_AdminNotification
"2 Hours","2 hodiny",module,Magento_AdminNotification
"6 Hours","6 hodín",module,Magento_AdminNotification
"12 Hours","12 hodín",module,Magento_AdminNotification
"24 Hours","24 hodín",module,Magento_AdminNotification
critical,kritické,module,Magento_AdminNotification
major,hlavné,module,Magento_AdminNotification
minor,vedlajšie,module,Magento_AdminNotification
notice,oznámenie,module,Magento_AdminNotification
"Wrong message type","Nesprávny typ správy",module,Magento_AdminNotification
"Please go to <a href=""%1"">Cache Management</a> and refresh cache types.","Prosím, choďte na <a href=""%1"">Správa dočastných zostáv</a> a aktualizujte.",module,Magento_AdminNotification
"Synchronization of media storages has been completed.","Dokončená synchronizácia skladov médií.",module,Magento_AdminNotification
"Close popup","Zavrieť okno",module,Magento_AdminNotification
Close,Zavrieť,module,Magento_AdminNotification
"Critical System Messages","Kritické systémové hlásenia",module,Magento_AdminNotification
"Major System Messages","Hlavné systémové hlásenia",module,Magento_AdminNotification
"System messages","Systémové správy",module,Magento_AdminNotification
"You created the order.","Vytvorili ste objednávku.",module,Magento_Authorizenet
"Invalid Form Key. Please refresh the page.","Neplatný kľúč Formuláru. Prosím refrešujte stránku.",module,Magento_Backend
"Unable to delete store. Please, try again later.","Nie je možné odstrániť obchod. Prosím, skúste znova neskôr.",module,Magento_Backend
"Unable to delete store view. Please, try again later.","Nie je možné odstrániť zobrazenie obchodu. Prosím, skúste znova neskôr.",module,Magento_Backend
"Unable to delete website. Please, try again later.","Nie je možné odstrániť webovú stránku. Prosím, skúste znova neskôr.",module,Magento_Backend
"Copyright&copy; %1 Magento Commerce Inc. All rights reserved.","Copyright&copy; %1 Magento Commerce Inc. Všetky práva vyhradené.",module,Magento_Backend
"Themes JavaScript and CSS files combined to one file.","Témy JavaScript a CSS súborov sa zlúčili do jedného súboru.",module,Magento_Backend
"System Backup","Záloha systému",module,Magento_Backup
"Database and Media Backup","Záloha Databáze a multimédií",module,Magento_Backup
"Database Backup","Záloha databáze",module,Magento_Backup
"The archive can be uncompressed with <a href=""%1"">%2</a> on Windows systems.","Archív môže byť dekomprimovaný s <a href=""%1"">%2</a> na systémoch Windows.",module,Magento_Backup
"You need more permissions to activate maintenance mode right now.","Na aktivovanie režimu údržby nemáte dostatočné oprávnenia.",module,Magento_Backup
"You need more free space to create a backup.","Budete potrebovať viac voľného miesta na vytvorenie zálohy.",module,Magento_Backup
"You need more permissions to create a backup.","Nemáte dostatočné oprávnenie na vytvorenie zálohy.",module,Magento_Backup
Backups,Zálohovanie,module,Magento_Backup
System,Systém,module,Magento_Backup
Tools,Nástroje,module,Magento_Backup
Backup,Záloha,module,Magento_Backup
failed,neúspešné,module,Magento_Backup
successful,úspešné,module,Magento_Backup
"Please correct the password.","Opravte heslo.",module,Magento_Backup
Database,Databáza,module,Magento_Backup
"Database and Media","Databáza a multimédia",module,Magento_Backup
"System (excluding Media)","Systém (bez médií)",module,Magento_Backup
"The backup file does not exist.","Súbor zálohy neexistuje.",module,Magento_Backup
"The backup file path was not specified.","Nebolo zadaná cesta k súboru zálohy.",module,Magento_Backup
"The backup file ""%1"" does not exist.","Súbor zálohy ""%1"" neexistuje.",module,Magento_Backup
"Sorry, but we cannot read from or write to backup file ""%1"".","Nie je memôžeme čítať z alebo zapisovať do súboru zálohy ""%1"".",module,Magento_Backup
"Are you sure you want to continue?","Naozaj chcete pokračovať?",module,Magento_Backup
"This may take a few moments.","Može to trvať nejaký čas.",module,Magento_Backup
"Be sure your store is in maintenance mode during backup.","Uistite sa, že váš obchod je v režime údržby počas zálohovania.",module,Magento_Backup
"Backup Name","Názov zálohy",module,Magento_Backup
"Maintenance mode","Režim údržby",module,Magento_Backup
"Please put your store into maintenance mode during backup.","Pre vytvorenie zálohy prepnite váš obchod do režimu údržby.",module,Magento_Backup
"Exclude media folder from backup","Vylúčiť adresár médií zo zálohy",module,Magento_Backup
"This action cannot be undone.","Túto akciu nemožno vrátiť späť.",module,Magento_Backup
"User Password","Heslo používateľa",module,Magento_Backup
"Use FTP Connection","Použiť FTP pripojenie",module,Magento_Backup
"FTP credentials","Údaje FTP",module,Magento_Backup
"FTP Host","FTP Server",module,Magento_Backup
"FTP Login","FTP užívatelské meno",module,Magento_Backup
"FTP Password","FTP heslo",module,Magento_Backup
"Magento root directory","Koreňový adresár inštalácie Magenta",module,Magento_Backup
"Create Backup","Vytvoriť zálohu",module,Magento_Backup
Country,Krajina,module,Magento_Braintree
"Stored Card","Uložená karta",module,Magento_Braintree
"Credit card successfully added","Platobná karta bola úspešne pridaná",module,Magento_Braintree
"Delete Credit Card","Odstránit platobnú kartu",module,Magento_Braintree
"Edit Credit Card","Upraviť platobnú kartu",module,Magento_Braintree
"My Credit Cards","Moje platobné karty",module,Magento_Braintree
"Percent Discount","Percentuálna zľava",module,Magento_Bundle
Always,Vždy,module,Magento_Captcha
"Incorrect CAPTCHA","Nesprávna CAPTCHA",module,Magento_Captcha
"Incorrect CAPTCHA.","Nesprávna CAPTCHA.",module,Magento_Captcha
"<strong>Attention</strong>: Captcha is case sensitive.","<strong>Pozor</strong>: Rozlišujte malé a veľké písmená.",module,Magento_Captcha
"Reload captcha",Obnoviť,module,Magento_Captcha
"ALL GROUPS","VŠETKY SKUPINY",module,Magento_CatalogInventory
"Customer Group","Zákaznicka skupina",module,Magento_CatalogInventory
"Minimum Qty","Minimálne množstvo",module,Magento_CatalogInventory
"Add Minimum Qty","Pridať minimálne množstvo",module,Magento_CatalogInventory
"This product is out of stock.","Tento tovar nieje na sklade.",module,Magento_CatalogInventory
"The stock item for Product in option is not valid.","Neplatná skladová položka pre možnosť produktu.",module,Magento_CatalogInventory
"Undefined product type","Nedefinovaný typ produktu",module,Magento_CatalogInventory
"%1 is not a correct comparison method.","%1 nie je správna metóda pre porovnanie.",module,Magento_CatalogInventory
"No Backorders","Žiadne do-objednávky",module,Magento_CatalogInventory
"Allow Qty Below 0","Povoliť množstvo menšie než 0",module,Magento_CatalogInventory
"Allow Qty Below 0 and Notify Customer","Povoliť množstvo menšie ako 0 a upozorniť zákazníka",module,Magento_CatalogInventory
"In Stock",Skladom,module,Magento_CatalogInventory
"Out of Stock",Vypredané,module,Magento_CatalogInventory
"Not all of your products are available in the requested quantity.","Nie všetky produkty sú dostupné v požadovanom množstve.",module,Magento_CatalogInventory
"The fewest you may purchase is %1.","Najmenej čo môžete zakúpiť, je %1.",module,Magento_CatalogInventory
"Please correct the quantity for some products.","Prosím opravte množstvo pre niektoré výrobky.",module,Magento_CatalogInventory
"The most you may purchase is %1.","Najviac čo môžete zakúpiť, je %1.",module,Magento_CatalogInventory
"Only %1 left","Zostáva len %1",module,Magento_CatalogInventory
"Product Name","Názov produktu",module,Magento_CatalogInventory
Qty,Množstvo,module,Magento_CatalogInventory
"Edit Rule '%1'","Upraviť pravidlo ""%1""",module,Magento_CatalogRule
Apply,Použiť,module,Magento_CatalogRule
"Discount Amount","Hodnota zľavy",module,Magento_CatalogRule
"Subproduct discounts","Zľava produktu v skupine",module,Magento_CatalogRule
"Discard subsequent rules","Zrušiť naväzujúce pravidlá",module,Magento_CatalogRule
"General Information","Všeobecné informácie",module,Magento_CatalogRule
"Rule Name","Názov pravidla",module,Magento_CatalogRule
Description,Popis,module,Magento_CatalogRule
Websites,"Webové stránky",module,Magento_CatalogRule
"Customer Groups","Zákaznicke skupiny",module,Magento_CatalogRule
From,Od,module,Magento_CatalogRule
To,Do,module,Magento_CatalogRule
Priority,Priorita,module,Magento_CatalogRule
"Wrong rule specified.","Špecifikované zle pravidlo.",module,Magento_CatalogRule
Home,Domov,module,Magento_CatalogSearch
"Modify your search","Upravte vaše vyhľadávanie",module,Magento_CatalogSearch
Root,Hlavný,module,Magento_Catalog
"Save Category","Uložiť kategóriu",module,Magento_Catalog
"Delete Category","Odstrániť kategóriu",module,Magento_Catalog
Reset,Resetovať,module,Magento_Catalog
"New Subcategory","Nová podkategória",module,Magento_Catalog
"New Root Category","Nová základná kategória",module,Magento_Catalog
"Set Root Category for Store","Nástaviť základnú kategóriu pre daný obchod",module,Magento_Catalog
"Use Config Settings","Použiť nastavenie konfirurácie",module,Magento_Catalog
"Use All Available Attributes","Použiť všetky dostupné atribúty",module,Magento_Catalog
"Custom Design","Vlastný dizajn",module,Magento_Catalog
Name,Meno,module,Magento_Catalog
SKU,"Katalógové číslo",module,Magento_Catalog
Price,Cena,module,Magento_Catalog
Position,Pozícia,module,Magento_Catalog
"Category Data","Údaje kategórie",module,Magento_Catalog
"Category Products","Produkty kategórie",module,Magento_Catalog
"Add Subcategory","Pridať podkategóriu",module,Magento_Catalog
"Add Root Category","Pridať základnú kategóriu",module,Magento_Catalog
Day,Deň,module,Magento_Catalog
Month,Mesiac,module,Magento_Catalog
Year,Rok,module,Magento_Catalog
"<label class=""label""><span>from</span></label>","<label class=""label""><span>od</span></label>",module,Magento_Catalog
"<label class=""label""><span>to</span></label>","<label class=""label""><span>do</span></label>",module,Magento_Catalog
"Add Product","Pridať produkt",module,Magento_Catalog
label,štítok,module,Magento_Catalog
"Product Attributes","Atribúty produktu",module,Magento_Catalog
"Add New Attribute","Pridať nový atribút",module,Magento_Catalog
"Save in New Attribute Set","Uložiť novú Sadu atribútov",module,Magento_Catalog
"Enter Name for New Attribute Set","Zadať meno pre novú sadu atribútov",module,Magento_Catalog
"Save and Continue Edit","Uložiť a pokračovať v upravách",module,Magento_Catalog
"Save Attribute","Uložiť atribút",module,Magento_Catalog
"Delete Attribute","Odstrániť atribút",module,Magento_Catalog
"Edit Product Attribute ""%1""","Upraviť atribút produktu ""%1""",module,Magento_Catalog
"New Product Attribute","Nový atribút produktu",module,Magento_Catalog
"Advanced Attribute Properties","Pokročílé vlastnosti atribútu",module,Magento_Catalog
"Attribute Code","Kód atribútu",module,Magento_Catalog
"Default Value","Predvolená hodnota",module,Magento_Catalog
"Unique Value","Jedinečná hodnota",module,Magento_Catalog
"Unique Value (not shared with other products)","Jedinečná hodnota (nezdieľa sa s ostatnými produktmi)",module,Magento_Catalog
"Not shared with other products","Nezdiela sa s ostatnými produktmi",module,Magento_Catalog
"Input Validation for Store Owner","Vstupné overenie pre majiteľa obchodu",module,Magento_Catalog
"Store View","Pohľad obchodu",module,Magento_Catalog
Website,"Webová stránka",module,Magento_Catalog
Global,Globálne,module,Magento_Catalog
Scope,Objektív,module,Magento_Catalog
"Use for Promo Rule Conditions","Použit ako podmienku Promo pravidla",module,Magento_Catalog
"Enable WYSIWYG","Použivať WYSIWYG",module,Magento_Catalog
"Used in Product Listing","Použiť vo výpise produktov",module,Magento_Catalog
"Depends on design theme","Závisí od dizajnu motívu",module,Magento_Catalog
"Used for Sorting in Product Listing","Použitelné na triedenie výpisu produktov",module,Magento_Catalog
"Media Image","Obrázok medií",module,Magento_Catalog
Gallery,Galéria,module,Magento_Catalog
"System Properties","Vlastnosti systému",module,Magento_Catalog
No,Nie,module,Magento_Catalog
Yes,Áno,module,Magento_Catalog
"Data Type for Saving in Database","Dátový typ pre uloženie v databázi",module,Magento_Catalog
Varchar,Reťazec,module,Magento_Catalog
Static,Statická,module,Magento_Catalog
Datetime,"Dátum a čas",module,Magento_Catalog
Decimal,Desatinné,module,Magento_Catalog
Integer,"Celé číslo",module,Magento_Catalog
"Globally Editable","Globálne upravitelné",module,Magento_Catalog
"Attribute Information","Informácie atribútu",module,Magento_Catalog
Properties,Vlastnosti,module,Magento_Catalog
"Manage Labels","Spravovať štítky",module,Magento_Catalog
Visible,Viditeľné,module,Magento_Catalog
"Web Site","Webová stránka",module,Magento_Catalog
Searchable,Hladateľné,module,Magento_Catalog
Comparable,Porovnateľné,module,Magento_Catalog
"Delete Selected Group","Odstrániť vybranú skupinu",module,Magento_Catalog
"Add New","Pridať nový",module,Magento_Catalog
Back,Späť,module,Magento_Catalog
Delete,Zmazať,module,Magento_Catalog
Save,Uložiť,module,Magento_Catalog
"New Set Name","Názov novej sady",module,Magento_Catalog
"Edit Attribute Set '%1'","Upraviť sadu atribútov ""%1""",module,Magento_Catalog
Empty,Prázdne,module,Magento_Catalog
"Add Attribute","Pridať atribút",module,Magento_Catalog
"Add New Group","Pridať novú skupinu",module,Magento_Catalog
"Add Group","Pridať skupinu",module,Magento_Catalog
"For internal use","Pre vnútorné použitie",module,Magento_Catalog
"Based On","Na základe",module,Magento_Catalog
"Add New Attribute Set","Pridať novú sadu atribútov",module,Magento_Catalog
"Attribute Sets","Sada atribútov",module,Magento_Catalog
"Close Window","Zavrieť okno",module,Magento_Catalog
"New Product","Nový produkt",module,Magento_Catalog
"Save & Edit","Uložiť & upravovať",module,Magento_Catalog
"Save & New","Uložiť & Nový",module,Magento_Catalog
"Save & Duplicate","Uložiť & Duplikovať",module,Magento_Catalog
"Save & Close","Uložiť a Zavrieť",module,Magento_Catalog
Attributes,Atribúty,module,Magento_Catalog
Change,Zmeniť,module,Magento_Catalog
Websites,"Webové stránky",module,Magento_Catalog
"Products Information","Informácie o produktoch",module,Magento_Catalog
"Category Name","Názov kategórie",module,Magento_Catalog
"Parent Category","Nadradená Kategória",module,Magento_Catalog
"We saved the price alert subscription.","Oznámenie na zmenu ceny bolo uložené.",module,Magento_Catalog
"We saved the stock notification.","Oznámenie na dané skladové zásoby bolo uložené.",module,Magento_Catalog
"There are no customers for this alert.","Žiadny zákazník nepoužíva tento typ upozornenia.",module,Magento_Catalog
"First Name","Krstné meno",module,Magento_Catalog
"Last Name",Priezvisko,module,Magento_Catalog
Email,E-mail,module,Magento_Catalog
"Subscribe Date","Dátum prihlásenia",module,Magento_Catalog
"Last Notified","Naposledy oznámené",module,Magento_Catalog
"Send Count","Počet odoslaní",module,Magento_Catalog
"New Attribute","Nový atribút",module,Magento_Catalog
Type,Typ,module,Magento_Catalog
"Attribute Set","Sada atribútov",module,Magento_Catalog
Status,Stav,module,Magento_Catalog
Visibility,Viditeľnosť,module,Magento_Catalog
"Add New Option","Pridať novú možnosť",module,Magento_Catalog
"Import Options","Nahrať možnosti",module,Magento_Catalog
"Use Default","Použiť predvolené",module,Magento_Catalog
Import,Nahrať,module,Magento_Catalog
"Add New Row","Pridať nový riadok",module,Magento_Catalog
"Delete Row","Odstrániť riadok",module,Magento_Catalog
"Tier Pricing","Skupinová cenotvorba",module,Magento_Catalog
"Default Price","Predvolená cena",module,Magento_Catalog
"All Websites","Všetky webové stránky",module,Magento_Catalog
"ALL GROUPS","VŠETKY SKUPINY",module,Magento_Catalog
"Add Price","Pridať cenu",module,Magento_Catalog
"Default Values","Predvolené hodnoty",module,Magento_Catalog
"Related Products","Podobné produkty",module,Magento_Catalog
Up-sells,"Hodnotnejšie produkty",module,Magento_Catalog
Cross-sells,"Zaujmavé produkty",module,Magento_Catalog
"Size for %1","Veľkosť pre %1",module,Magento_Catalog
"Watermark File for %1","Súbor vodoznaku pre %1",module,Magento_Catalog
"Position of Watermark for %1","Umiestnenie vodoznaku pre %1",module,Magento_Catalog
"Name in %1","Meno v %1",module,Magento_Catalog
Quantity,Množstvo,module,Magento_Catalog
Edit,Upraviť,module,Magento_Catalog
"Are you sure?","Ste si istí?",module,Magento_Catalog
"Update Attributes","Aktualizovať atribúty",module,Magento_Catalog
"Click here or drag and drop to add images.","Kliknite tu, alebo ""drag&drop""{pretiahni a pusti) pre pridanie obrázkov.",module,Magento_Catalog
"Delete image","Zmazať obrázok",module,Magento_Catalog
"Make Base","Nastav ako základ",module,Magento_Catalog
Hidden,Skrytý,module,Magento_Catalog
"start typing to search category","začnite písať pre vyhľadánie kategórie",module,Magento_Catalog
"New Category","Nová kategória",module,Magento_Catalog
"Images (.gif, .jpg, .png)","Obrázky (.gif, .jpg, .png)",module,Magento_Catalog
"Add New Images","Pridať nové obrázky",module,Magento_Catalog
"Inc. Tax","Vrátane dane",module,Magento_Catalog
"Does this have a weight?","Má to váhu?",module,Magento_Catalog
Product,Produkt,module,Magento_Catalog
"Notify Low Stock RSS","RSS oznamenia nízkych zásob",module,Magento_Catalog
Home,Úvod,module,Magento_Catalog
"Go to Home Page","Prejdite na domovskú stránku",module,Magento_Catalog
"Products Comparison List","Porovnanie produktov",module,Magento_Catalog
N/A,neznáme,module,Magento_Catalog
AM,predo.,module,Magento_Catalog
PM,poob.,module,Magento_Catalog
"-- Please Select --","-- Prosím vyberte --",module,Magento_Catalog
None,Žiadny,module,Magento_Catalog
"New Products","Nové produkty",module,Magento_Catalog
"Click for price","Pre cenu kliknite",module,Magento_Catalog
"You deleted the category.","Odstránili ste kategóriu.",module,Magento_Catalog
"Something went wrong while trying to delete the category.","Niečo pokazilo pri pokuse odstrániť kategóriu.",module,Magento_Catalog
Categories,Kategórie,module,Magento_Catalog
"Manage Catalog Categories","Správa kategórií katalógu",module,Magento_Catalog
"Manage Categories","Spravovať kategórie",module,Magento_Catalog
"There was a category move error.","Nastala chyba presunu kategórie.",module,Magento_Catalog
"Attribute ""%1"" is required.","Atribút ""%1"" je povinný.",module,Magento_Catalog
"You saved the category.","Uložili ste kategóriu.",module,Magento_Catalog
"Please select products for attributes update.","Vyberte produkty pre aktualizáciu atribútov.",module,Magento_Catalog
"Please make sure to define SKU values for all processed products.","Prosím, uistite sa, že ste zadali katalogové čísla pre všetky spracované produkty.",module,Magento_Catalog
"A total of %1 record(s) were updated.","Celkom %1 záznamov bolo aktualizovaných.",module,Magento_Catalog
"Something went wrong while updating the product(s) attributes.","Pri aktualizácii atribútov produktu došlo k chybe.",module,Magento_Catalog
Catalog,Katalóg,module,Magento_Catalog
"Manage Product Attributes","Spravovať atribúty produktu",module,Magento_Catalog
"This attribute no longer exists.","Tento atribút sa už neexistuje.",module,Magento_Catalog
"This attribute cannot be edited.","Tento atribút nie je možné upravovať.",module,Magento_Catalog
"Edit Product Attribute","Upraviť atribút produktu",module,Magento_Catalog
"You saved the product attribute.","Uložili ste atribút produktu.",module,Magento_Catalog
"An attribute with this code already exists.","Atribút s týmto kódom už existuje.",module,Magento_Catalog
"You duplicated the product.","Vytvorili ste duplikát produktu.",module,Magento_Catalog
"This product no longer exists.","Tento produkt už neexistuje.",module,Magento_Catalog
Products,Produkty,module,Magento_Catalog
"A group with the same name already exists.","Skupina s rovnakým názvom už existuje.",module,Magento_Catalog
"Something went wrong while saving this group.","Pri ukladaní tejto skupiny došlo k chybe.",module,Magento_Catalog
"A total of %1 record(s) have been deleted.","Celkom %1 záznam(ov) bol(o) odstráný(ch).",module,Magento_Catalog
"A total of %1 record(s) have been updated.","Celkom %1 záznamov bolo aktualizovaných.",module,Magento_Catalog
"Something went wrong while updating the product(s) status.","Pri aktualizácii stavu produktu došlo k chybe.",module,Magento_Catalog
"Unable to save product","Nepodarilo sa uložiť produkt",module,Magento_Catalog
"You saved the product.","Uložili ste duplikát produktu.",module,Magento_Catalog
"SKU for product %1 has been changed to %2.","Katalogové číslo, produktu %1 bolo zmenené na %2.",module,Magento_Catalog
"New Attribute Set","Nová sada atribútov",module,Magento_Catalog
"The attribute set has been removed.","Sada atribútov bola odstránená.",module,Magento_Catalog
"New Set","Nová sada",module,Magento_Catalog
"Manage Product Sets","Spravovať sady produktov",module,Magento_Catalog
"Manage Attribute Sets","Spravovať sady atribútov",module,Magento_Catalog
"This attribute set no longer exists.","Táto sada atribútov už neexistuje.",module,Magento_Catalog
"You saved the attribute set.","Uložili ste sadu atribútov.",module,Magento_Catalog
"You added product %1 to the comparison list.","Produkt %1 bol pridaný do zoznamu na porovnanie.",module,Magento_Catalog
"You cleared the comparison list.","Vymazali ste zoznam na porovnanie.",module,Magento_Catalog
"Something went wrong  clearing the comparison list.","Došlo k chybe pri mazaní zoznamu na porovnanie.",module,Magento_Catalog
"You removed product %1 from the comparison list.","Produkt %1 bol odobraný zo zoznamu na porovnanie.",module,Magento_Catalog
"1 item","1 položka",module,Magento_Catalog
"%1 items","%1 položiek",module,Magento_Catalog
"Invalid attribute %1","Neplatný atribút %1",module,Magento_Catalog
Grid,Mriežka,module,Magento_Catalog
List,Zoznam,module,Magento_Catalog
All,Všetky,module,Magento_Catalog
"Product is not loaded","Produkt nie je načítaný",module,Magento_Catalog
"Bad controller interface for showing product","Zlé rozhranie radiča pre zobraznie produktu",module,Magento_Catalog
"The value of attribute ""%1"" must be unique.","Hodnota atribútu ""%1"" musí byť jedinečná.",module,Magento_Catalog
"Default Product Listing Sort by does not exist in Available Product Listing Sort By.","Predefinovaný spôsob radenie vypisu produktov neexistuje v zozname dostupných spôsobov radenia vypisu produktov.",module,Magento_Catalog
"No layout updates","Žiadne zmeny v rozložení",module,Magento_Catalog
"Products only","Iba produkty",module,Magento_Catalog
"Static block only","Len statický blok",module,Magento_Catalog
"Static block and products","Statický blok a produkty",module,Magento_Catalog
"Please select a static block.","Prosím vyberte statický blok.",module,Magento_Catalog
"-- Please Select a Category --","-- Prosím vyberte kategóriu --",module,Magento_Catalog
"Grid Only","Len mriežku",module,Magento_Catalog
"List Only","Len zoznam",module,Magento_Catalog
"Grid (default) / List","Mriežka (predvolené) / zoznam",module,Magento_Catalog
"List (default) / Grid","Zoznam (default) / mriežka",module,Magento_Catalog
"Automatic (equalize price ranges)","Automatické (vyrovnávanie cenových rozsahov)",module,Magento_Catalog
"Automatic (equalize product counts)","Automaticky (vyrovnať počty produktu)",module,Magento_Catalog
Manual,Ručne,module,Magento_Catalog
Fixed,Nemenné,module,Magento_Catalog
Percent,Percentá,module,Magento_Catalog
"-- Please select --","-- Prosím vyberte --",module,Magento_Catalog
"Product Thumbnail Itself","Náhľad produktu, vlastný",module,Magento_Catalog
"Parent Product Thumbnail","Náhľad nadradeného produktu",module,Magento_Catalog
"12h AM/PM","12h doob./poob.",module,Magento_Catalog
Top/Left,Hore/Vľavo,module,Magento_Catalog
Top/Right,Hore/Vpravo,module,Magento_Catalog
Bottom/Left,Dole/Vľavo,module,Magento_Catalog
Bottom/Right,Dole/Vpravo,module,Magento_Catalog
Center,Stred,module,Magento_Catalog
"Bad value was supplied.","Bola zadaná nesprávna hodnota.",module,Magento_Catalog
"Unsupported product type ""%1"".","Nepodporovaný typ produktu ""%1"".",module,Magento_Catalog
"Please correct the category.","Opravte prosím kategóriu.",module,Magento_Catalog
"The attribute model is not defined.","Nie je definovaný model atribútu.",module,Magento_Catalog
Category,Kategória,module,Magento_Catalog
"Clear Price","Vymazať cenu",module,Magento_Catalog
"%1 and above","%1 a viac",module,Magento_Catalog
"The filters must be an array.","Filtre musia byť pole.",module,Magento_Catalog
"The image does not exist.","Obrázok neexistuje.",module,Magento_Catalog
"Please correct the image file type.","Opravte prosím typ súboru obrázka.",module,Magento_Catalog
"Group price must be a number greater than 0.","Cena pre skupinu musí byť číslo väčšie ako 0.",module,Magento_Catalog
"Please enter a number 0 or greater in this field.","Do tohto poľa zadajte číslo 0 alebo väčšia.",module,Magento_Catalog
"The value of attribute ""%1"" must be set","Hodnota atribútu ""%1"" musí byť zadaná",module,Magento_Catalog
"SKU length should be %1 characters maximum.","Katalogové číslo musí mať maximálne %1 znakov.",module,Magento_Catalog
"Please enter a valid number in this field.","Prosím v tomto poličku zadajte platné číslo.",module,Magento_Catalog
"We found a duplicate website, tier price, customer group and quantity.","Našli sa duplicítne stránky, skupinové ceny, zákaznícké skupiny a množstvo.",module,Magento_Catalog
"Use config","Použiť konfiguráciu",module,Magento_Catalog
Enabled,Povolené,module,Magento_Catalog
Disabled,Zakázané,module,Magento_Catalog
"Please specify date required option(s).","Prosím uveďte požadovaný dátum.",module,Magento_Catalog
"Please specify time required option(s).","Prosím uveďte požadovaný čas.",module,Magento_Catalog
"The option instance type in options group is incorrect.","Je zadaná nesprávna možnosť v skupine možností.",module,Magento_Catalog
"The product instance type in options group is incorrect.","Je zadaný nesprávny produkt v skupine možností.",module,Magento_Catalog
"The configuration item option instance in options group is incorrect.","Je zadaná nesprávna možnosť položky nastavenia v skupine možností.",module,Magento_Catalog
"The configuration item instance in options group is incorrect.","Je zadaná nesprávna položka nastavenia v skupine možností.",module,Magento_Catalog
"The file options format is not valid.","Neplatný formát možností súboru.",module,Magento_Catalog
"The file '%1' for '%2' has an invalid extension.","Súbor ""%1"" pre ""%2"" má neplatnú príponu.",module,Magento_Catalog
"The file '%1' you uploaded is larger than the %2 megabytes allowed by our server.","Súbor '%1' ktorý ste nahrali je vačší ako %2 megabytes, čo je limit na našom servery.",module,Magento_Catalog
"The file you uploaded is larger than %1 Megabytes allowed by server","Súbor ktorý ste nahrali je vačší ako %1 Megabytes, čo je limit na našom servery",module,Magento_Catalog
"The file is empty. Please choose another one","Súbor je prázdny. Prosím, vyberte iný",module,Magento_Catalog
"Some of the selected item options are not currently available.","Niektoré z vybraných možnosti položky momentálne niesu dostupné.",module,Magento_Catalog
"The text is too long.","Text je príliš dlhý.",module,Magento_Catalog
"The file upload failed.","Nahranie súboru zlýhalo.",module,Magento_Catalog
"The product has required options.","Produkt má požadované možnosti.",module,Magento_Catalog
"Something went wrong while processing the request.","Pri spracovaní požiadavku došlo k chybe.",module,Magento_Catalog
"Not Visible Individually","Samotné nezobrazovať",module,Magento_Catalog
Search,Vyhľadávanie,module,Magento_Catalog
"Catalog, Search","Katalóg a vyhľadávanie",module,Magento_Catalog
"A product type is not defined for the indexer.","Typ výrobku nie je definovaný pre indexovanie.",module,Magento_Catalog
"Multiple Select","Viacnásobný výber",module,Magento_Catalog
Dropdown,"Rozbaľovací zoznam",module,Magento_Catalog
"Are you sure you want to delete this category?","Naozaj chcete odstrániť túto kategóriu?",module,Magento_Catalog
"Set root category for this store in the <a href=""%1"">configuration</a>.","Nastavte základnú kategóriu pre tento obchod v <a href=""%1""> konfigurácii</a>.",module,Magento_Catalog
"Collapse All","Zbaliť všetko",module,Magento_Catalog
"Expand All","Rozbaliť všetko",module,Magento_Catalog
"Use Default Value","Použiť predvolenú hodnotu",module,Magento_Catalog
"Manage Titles (Size, Color, etc.)","Spravovať popisky (veľkosť, farba, atď.)",module,Magento_Catalog
"Manage Options (values of your attribute)","Správa možností (hodnoty atribútov)",module,Magento_Catalog
"Is Default","Je predvolené",module,Magento_Catalog
"Add Option","Pridaj možnosť",module,Magento_Catalog
"Sort Option","Možnosť zoradenia",module,Magento_Catalog
Groups,Skupiny,module,Magento_Catalog
"Unassigned Attributes","Nepriradené atribúty",module,Magento_Catalog
"A name is required.","Meno je povinné.",module,Magento_Catalog
"This group contains system attributes. Please move system attributes to another group and try again.","Táto skupina obsahuje systémové atribúty. Prosím presuňte systémové atribúty do inej skupiny a skúste to znova.",module,Magento_Catalog
"Please enter a new group name.","Prosím zadajte názov novej skupiny.",module,Magento_Catalog
"An attribute group named ""/name/"" already exists"".","Skupina atribútov s názvom ""/name/"" už existuje"".",module,Magento_Catalog
"Custom Options","Vlastné možnosti",module,Magento_Catalog
"This is a required option.","Táto možnosť musí byť zadaná.",module,Magento_Catalog
"Maximum image width","Maximálna šírka obrázku",module,Magento_Catalog
"Maximum image height","Maximálna výška obrázku",module,Magento_Catalog
"Maximum number of characters:","Maximálny počet znakov:",module,Magento_Catalog
"Manage Stock","Správa zásob",module,Magento_Catalog
Qty,Množstvo,module,Magento_Catalog
"Minimum Qty Allowed in Shopping Cart","Minimálne množstvo povolené v nákupnom košíku",module,Magento_Catalog
"Maximum Qty Allowed in Shopping Cart","Maximálne množstvo povolené v nákupnom košíku",module,Magento_Catalog
"Qty Uses Decimals","Množstvo používa desatinné miesta",module,Magento_Catalog
"Stock Availability","Dostupnosť na sklade",module,Magento_Catalog
"In Stock",Skladom,module,Magento_Catalog
"Out of Stock",Vypredané,module,Magento_Catalog
"Add Product To Websites","Pridať produkt do webových stránok",module,Magento_Catalog
"Remove Product From Websites","Odstrániť produkt z webových stránok",module,Magento_Catalog
"Delete Custom Option","Odstrániť vlastnú možnosť",module,Magento_Catalog
"Sort Custom Options","Zoradiť vlasné možnosti",module,Magento_Catalog
"Option Title","Názov možnosti",module,Magento_Catalog
"Input Type","Typ vstupu",module,Magento_Catalog
Required,Požadované,module,Magento_Catalog
"Price Type","Typ ceny",module,Magento_Catalog
"Maximum Image Size","Maximálna veľkosť obrázku",module,Magento_Catalog
"Please leave blank if it is not an image.","Prosím nechajte prázdne, ak to nie je obrázok.",module,Magento_Catalog
Title,Titulok,module,Magento_Catalog
"Sort Custom Option","Vlastná možnosť radenia",module,Magento_Catalog
"Max Characters","Max znakov",module,Magento_Catalog
"Customer Group","Zákaznicka skupina",module,Magento_Catalog
"Item Price","Cena položky",module,Magento_Catalog
Action,Akcia,module,Magento_Catalog
"and above","a viac",module,Magento_Catalog
"Product In Websites","Produkt na webových stránkach",module,Magento_Catalog
"(Copy data from: %1)","(Kopírovať údaje z: %1)",module,Magento_Catalog
"Alt Text","Alternatívny Text",module,Magento_Catalog
Role,Úloha,module,Magento_Catalog
"Hide from Product Page","Nezobrazovať na stránke produktu",module,Magento_Catalog
"Close panel","Zavrieť panel",module,Magento_Catalog
"Basic Settings","Základné nastavenia",module,Magento_Catalog
"Advanced Settings","Pokročilé nastavenia",module,Magento_Catalog
"Mass Actions","Hromadné akcie",module,Magento_Catalog
"Select All","Vybrať všetky",module,Magento_Catalog
"Unselect All","Zrušiť výber všetkých",module,Magento_Catalog
"Select Visible","Vybrať viditeľné",module,Magento_Catalog
"Unselect Visible","Zrušiť výber viditeľných",module,Magento_Catalog
"Shop By","Nakupovať podľa",module,Magento_Catalog
"Shopping Options","Nákupné možnosti",module,Magento_Catalog
"Compare Products","Porovnať produkty",module,Magento_Catalog
"Print This Page","Vytlačiť stránku",module,Magento_Catalog
"Remove Product","Odstrániť produkt",module,Magento_Catalog
"Add to Cart","Pridať do košíka",module,Magento_Catalog
"In stock",Skladom,module,Magento_Catalog
"Out of stock",Vypredané,module,Magento_Catalog
"You have no items to compare.","Nemáte žiadne položky na porovnanie.",module,Magento_Catalog
"Remove This Item","Odstrániť túto položku",module,Magento_Catalog
Compare,Porovnať,module,Magento_Catalog
"Clear All","Vymazať všetky",module,Magento_Catalog
Prev,Predch.,module,Magento_Catalog
Next,Nasledujúca,module,Magento_Catalog
"Add to Compare","Pridať do porovnania",module,Magento_Catalog
"Learn More","Zistiť viac",module,Magento_Catalog
"More Choices:","Viac možností:",module,Magento_Catalog
"Check items to add to the cart or","Zaškrtnite položky pre pridanie do košíka alebo",module,Magento_Catalog
"select all","vybrať všetky",module,Magento_Catalog
"Items %1-%2 of %3","Položky %1-%2 z %3",module,Magento_Catalog
"%1 Item","%1 položka",module,Magento_Catalog
Show,Zobraziť,module,Magento_Catalog
"per page","na stránku",module,Magento_Catalog
"Sort By","Zoradiť podľa",module,Magento_Catalog
"Set Ascending Direction","Nastaviť vzostupný smer",module,Magento_Catalog
"Set Descending Direction","Nastaviť zostupný smer",module,Magento_Catalog
"View as","Zobraziť ako",module,Magento_Catalog
Loading...,Načítávanie...,module,Magento_Catalog
"* Required Fields","* Povinné políčka",module,Magento_Catalog
Availability,Dostupnosť,module,Magento_Catalog
"Shopping Cart","Nákupný košík",module,Magento_Checkout
"Edit Block '%1'","Upraviť blok ""%1""",module,Magento_Cms
"Block Information","Informácie bloku",module,Magento_Cms
"Edit Page '%1'","Upraviť stránku ""%1""",module,Magento_Cms
"Page Layout","Rozloženie strany",module,Magento_Cms
"Custom Design","Vlastný dizajn",module,Magento_Cms
"Custom Design From","Vlastný dizajn od",module,Magento_Cms
"Custom Design To","Vlastný dizajn do",module,Magento_Cms
"Custom Layout Update XML","Úprava XML rozloženia",module,Magento_Cms
"Relative to Web Site Base URL","Vzťahuje sa k základnej adrese URL webu",module,Magento_Cms
"Page Status","Stav stránky",module,Magento_Cms
"Meta Data","Meta dáta",module,Magento_Cms
Keywords,"Kľúčové slová",module,Magento_Cms
Description,Popis,module,Magento_Cms
"Please correct the input data for %1 => %2 rate","Prosím, opravte vstupné údaje pre kurz %1 => %2",module,Magento_CurrencySymbol
"You subscribe to our newsletter.","Prihlásili ste sa k odberu noviniek.",module,Magento_Customer
"You have not set a default shipping address.","Nenastavili ste predvolenú dodaciu adresu.",module,Magento_Customer
"You have not set a default billing address.","Nenastavili ste predvolenú fakturačnú adresu.",module,Magento_Customer
"Address Book",Adresár,module,Magento_Customer
"Edit Address","Upraviť adresu",module,Magento_Customer
"Add New Address","Pridať novú adresu",module,Magento_Customer
region,kraj,module,Magento_Customer
"Create Order","Vytvoriť objednávku",module,Magento_Customer
"Save Customer","Uložte zákazníka",module,Magento_Customer
"Delete Customer","Odstrániť zákazníka",module,Magento_Customer
"Reset Password","Obnoviť heslo",module,Magento_Customer
"New Customer","Nový zákazník",module,Magento_Customer
"Save and Continue Edit","Uložiť a pokračovať v upravách",module,Magento_Customer
Back,Späť,module,Magento_Customer
"Please select","Prosím, vyberte",module,Magento_Customer
Product,Produkt,module,Magento_Customer
SKU,"Katalógové číslo",module,Magento_Customer
Quantity,Množstvo,module,Magento_Customer
Price,Cena,module,Magento_Customer
Total,Celkom,module,Magento_Customer
Action,Akcia,module,Magento_Customer
Configure,Nastaviť,module,Magento_Customer
Delete,Zmazať,module,Magento_Customer
"Shopping Cart from %1","Nákupný košík od %1",module,Magento_Customer
Newsletter,"Informačný bulletin",module,Magento_Customer
"Newsletter Information","Informácie o informačnom bulletine",module,Magento_Customer
"Subscribed to Newsletter","Prihláseny k odberu infromačného bulletinu",module,Magento_Customer
"Last Date Subscribed","Datum posledného prihlásenia",module,Magento_Customer
"Last Date Unsubscribed","Datum posledného odhlásenia",module,Magento_Customer
"No Newsletter Found","Nenašiel sa žiaden informačný bulletin",module,Magento_Customer
"Start date","Dátum začiatku",module,Magento_Customer
"End Date","Dátum ukončenia",module,Magento_Customer
"Receive Date","Dátum obdržania",module,Magento_Customer
Subject,Predmet,module,Magento_Customer
Status,Stav,module,Magento_Customer
Sent,Odoslané,module,Magento_Customer
Cancel,Zrušiť,module,Magento_Customer
"Not Sent","Nebola poslaná",module,Magento_Customer
Sending,Odosielanie,module,Magento_Customer
Paused,Pozastavené,module,Magento_Customer
View,Zobraziť,module,Magento_Customer
Unknown,Neznámy,module,Magento_Customer
Order,Objednávka,module,Magento_Customer
"Bill-to Name","Názov platiteľa",module,Magento_Customer
"Ship-to Name","Názov príjemcu",module,Magento_Customer
"Order Total",Celkom,module,Magento_Customer
"Purchase Point","Miesto nákupu",module,Magento_Customer
"Customer View","Pohľad zákazníka",module,Magento_Customer
Qty,Množstvo,module,Magento_Customer
Confirmed,Potvrdené,module,Magento_Customer
"Confirmation Required","Požadované potvrdenia",module,Magento_Customer
"Confirmation Not Required","Potvrdenie nie je nutné",module,Magento_Customer
Indeterminate,Neurčitý,module,Magento_Customer
"The customer does not have default billing address.","Zákazník nemá predvolenú fakturačnú adresu.",module,Magento_Customer
Offline,Neprítomný,module,Magento_Customer
Never,Nikdy,module,Magento_Customer
"Deleted Stores","Odstránené Obchody",module,Magento_Customer
"Add Locale","Pridať Locale",module,Magento_Customer
"Add Date","Pridať dátum",module,Magento_Customer
"Days in Wish List","Dní v zozname prianí",module,Magento_Customer
No,Nie,module,Magento_Customer
Yes,Áno,module,Magento_Customer
"Delete File","Odstrániť súbor",module,Magento_Customer
Download,Stiahnuť,module,Magento_Customer
"Delete Image","Zmazať obrázok",module,Magento_Customer
"View Full Size","Zobraziť plnú veľkosť",module,Magento_Customer
"All countries","Všetky krajiny",module,Magento_Customer
"Customer Groups","Zákaznicke skupiny",module,Magento_Customer
"Add New Customer Group","Pridať novú skupinu zákazníkov",module,Magento_Customer
"Save Customer Group","Uložiť skupinu zákazníkov",module,Magento_Customer
"Delete Customer Group","Odstrániť skupinu zákazníkov",module,Magento_Customer
"New Customer Group","Nová skupina zákazníkov",module,Magento_Customer
"Edit Customer Group ""%1""","Upraviť skupinu zákazníkov ""%1""",module,Magento_Customer
"Group Information","Informácie o skupine",module,Magento_Customer
"Group Name","Názov skupiny",module,Magento_Customer
"Maximum length must be less then %1 symbols","Maximálna dĺžka musí byť menej ako %1 symbolov",module,Magento_Customer
"Tax Class","Daňová trieda",module,Magento_Customer
"Would you like to change the Customer Group for this order?","Chcete zmeniť skupinu zákazníka pre túto objednávku?",module,Magento_Customer
"The VAT ID is valid. The current Customer Group will be used.","DIČ je platné. Použije sa aktuálna skupina zákazníkov.",module,Magento_Customer
"Validate VAT Number","Overeniť DIČ",module,Magento_Customer
"Customer Login","Prihlásenie zákazníka",module,Magento_Customer
"Create New Customer Account","Vytvoriť nový účet zákazníka",module,Magento_Customer
"Date of Birth","Dátum narodenia",module,Magento_Customer
"Bad request.","Nesprávny požiadavok.",module,Magento_Customer
"This confirmation key is invalid or has expired.","Tento potvrdzovací kľúč je chybný alebo vypršala jeho platnosť.",module,Magento_Customer
"There was an error confirming the account","Vyskytla sa chyba pri potvrdení účtu",module,Magento_Customer
"Thank you for registering with %1.","Ďakujeme vám za registráciu %1.",module,Magento_Customer
"Wrong email.","Nesprávny e-mail.",module,Magento_Customer
"Your password reset link has expired.","Platnosť odkazu na obnovenie hesla uplynula.",module,Magento_Customer
"Account Information","Informácie o účte",module,Magento_Customer
"Invalid input","Neplatné zadanie",module,Magento_Customer
"Please correct the email address.","Opravte prosím e-mailovú adresu.",module,Magento_Customer
"Please enter your email.","Vložte prosím váš email.",module,Magento_Customer
"My Account","Môj účet",module,Magento_Customer
"Invalid login or password.","Neplatné prihlasovacie meno alebo heslo.",module,Magento_Customer
"New Password and Confirm New Password values didn't match.","Heslá sa nezodpovedajú.",module,Magento_Customer
"No customer ID defined.","Žiadne zákaznícke číslo definované.",module,Magento_Customer
Customers,Zákazníci,module,Magento_Customer
"New Group","Nová skupina",module,Magento_Customer
"Edit Group","Upravit skupinu",module,Magento_Customer
"Edit Customer Groups","Upraviť skupiny zákazníkov",module,Magento_Customer
"Please select customer(s).","Vyberte zákazníkov.",module,Magento_Customer
"You deleted the customer.","Zákazník bol odstránení.",module,Magento_Customer
"Manage Customers","Správa zákazníkov",module,Magento_Customer
"A total of %1 record(s) were updated.","Celkom %1 záznamov bolo aktualizovaných.",module,Magento_Customer
"A total of %1 record(s) were deleted.","Celkom %1 záznamov bolo odstráných.",module,Magento_Customer
"You saved the customer.","Uložili ste zákazníka.",module,Magento_Customer
"This account is not confirmed.","Tento účet nieje potvrdený.",module,Magento_Customer
"Please enter the first name.","Prosím, zadajte krstné meno.",module,Magento_Customer
"Please enter the last name.","Prosím, zadajte priezvisko.",module,Magento_Customer
"Please enter the street.","Prosím, zadajte ulicu.",module,Magento_Customer
"Please enter the city.","Prosím zadajte mesto.",module,Magento_Customer
"Please enter the zip/postal code.","Prosím, zadajte poštové smerovacie číslo.",module,Magento_Customer
"Please enter the country.","Zadajte prosím krajinu.",module,Magento_Customer
"Please enter the state/province.","Prosím, zadajte okres.",module,Magento_Customer
"""%1"" is a required value.","""%1"" je požadovaná hodnota.",module,Magento_Customer
Global,Globálne,module,Magento_Customer
"Per Website","Podľa webových stránkok",module,Magento_Customer
"Billing Address","Adresa pre fakturáciu",module,Magento_Customer
"Shipping Address","Dodacia adresa",module,Magento_Customer
"-- Please Select --","-- Prosím vyberte --",module,Magento_Customer
"Please correct this email address: ""%1"".","Prosím, opravte túto e-mailovú adresu: ""%1"".",module,Magento_Customer
"The password can not begin or end with a space.","Heslo nemôžete začínať alebo končiť medzerou.",module,Magento_Customer
Admin,Správca,module,Magento_Customer
"Attribute object is undefined","Nedefinový objekt atribútu",module,Magento_Customer
"""%1"" invalid type entered.","""%1"" zadaný neplatný typ.",module,Magento_Customer
"""%1"" contains non-alphabetic or non-numeric characters.","""%1"" obsahuje iné znaky než písmená alebo čísla.",module,Magento_Customer
"""%1"" is an empty string.","""%1"" je prázdny reťazec.",module,Magento_Customer
"""%1"" contains non-numeric characters.","""%1"" obsahuje iné znaky než čísla.",module,Magento_Customer
"""%1"" contains non-alphabetic characters.","""%1"" obsahuje iné znaky než písmena.",module,Magento_Customer
"""%1"" is not a valid email address.","""%1"" nie je platná emailová adresa.",module,Magento_Customer
"""%1"" is not a valid hostname.","""%1"" nie je platný hostname.",module,Magento_Customer
"""%1"" is not a valid URL.","""%1"" nie je platnou adresou URL.",module,Magento_Customer
"""%1"" is not a valid date.","""%1"" nie je platný dátum.",module,Magento_Customer
"""%1"" does not fit the entered date format.","""%1"" nezodpovedá formátu zadaného dátumu.",module,Magento_Customer
"Please enter a valid date between %1 and %2 at %3.","Prosím zadajte platný dátum medzi %1 a %2 v %3.",module,Magento_Customer
"Please enter a valid date equal to or greater than %1 at %2.","Prosím zadajte platný dátum rovný alebo väčší ako %1 v %2.",module,Magento_Customer
"Please enter a valid date less than or equal to %1 at %2.","Prosím zadajte platný dátum starší alebo rovný %1 v %2.",module,Magento_Customer
label,štítok,module,Magento_Customer
"Customer Group","Zákaznicka skupina",module,Magento_Customer
"Customer Group already exists.","Zákaznícka skupina už existuje.",module,Magento_Customer
"PHP SOAP extension is required.","Je vyžadované PHP SOAP rozšírenie.",module,Magento_Customer
Edit,Upraviť,module,Magento_Customer
Visitor,Návštevník,module,Magento_Customer
Customer,Zákazník,module,Magento_Customer
"No item specified.","Nebola zvolená žiadna položka.",module,Magento_Customer
"Personal Information","Osobné informácie",module,Magento_Customer
"Last Logged In:","Posledné prihlásenie:",module,Magento_Customer
"Last Logged In (%1):","Posledné prihlásenie (%1):",module,Magento_Customer
"Account Created on (%1):","Účet vytvorený (%1):",module,Magento_Customer
"Account Created in:","Účet vytvorený v:",module,Magento_Customer
"Sales Statistics","Predajné statistiky",module,Magento_Customer
"Lifetime Sales","Celkový obrat",module,Magento_Customer
"Average Sale","Priemerný predaj",module,Magento_Customer
"Change Shipping Address","Zmeniť dodaciu adresu",module,Magento_Customer
"You have no default shipping address in your address book.","Vo vašom adresári nemáte žiadnu predvolenú dodaciu adresu.",module,Magento_Customer
"Additional Address Entries","Ďalšie položky adresy",module,Magento_Customer
"Delete Address","Vymazať Adresu",module,Magento_Customer
"* Required Fields","* Povinné políčka",module,Magento_Customer
Company,Spoločnosť,module,Magento_Customer
Address,Adresa,module,Magento_Customer
"Street Address",Ulica,module,Magento_Customer
"Street Address %1","Ulica %1",module,Magento_Customer
"VAT Number",DIČ,module,Magento_Customer
City,Mesto,module,Magento_Customer
State/Province,Štát/provincia,module,Magento_Customer
"Zip/Postal Code","Poštové smerovacie číslo",module,Magento_Customer
Country,Krajina,module,Magento_Customer
"Use as my default billing address","Použiť ako predvolenú, fakturačnú adresu",module,Magento_Customer
"Use as my default shipping address","Použiť ako predvolenú, dodaciu adresu",module,Magento_Customer
"Save Address","Uložiť adresu",module,Magento_Customer
"Go back",Naspäť,module,Magento_Customer
Email,E-mail,module,Magento_Customer
"Send confirmation link","Poslať odkaz na potvrdenie",module,Magento_Customer
"Current Password","Aktuálne heslo",module,Magento_Customer
"New Password","Nové heslo",module,Magento_Customer
"Confirm New Password","Potvrdiť nové heslo",module,Magento_Customer
Save,Uložiť,module,Magento_Customer
"Registered Customers","Registrovaných zákazníkov",module,Magento_Customer
Password,Heslo,module,Magento_Customer
Login,"Prihlásiť sa",module,Magento_Customer
"Forgot Your Password?","Zabudli ste heslo?",module,Magento_Customer
"Sign Up for Newsletter","Prihlásiť sa k odberu infrmačného bulletinu",module,Magento_Customer
"Address Information","Informácie o adrese",module,Magento_Customer
"Confirm Password","Potvrdiť heslo",module,Magento_Customer
"New Customers","Noví zákazníci",module,Magento_Customer
Gender,Pohlavie,module,Magento_Customer
Name,Meno,module,Magento_Customer
"Tax/VAT number",IČO/DIČ,module,Magento_Customer
"Add New Template","Pridať novú šablónu",module,Magento_Email
"Transactional Emails","Transakčné emaily",module,Magento_Email
Back,Späť,module,Magento_Email
Reset,Resetovať,module,Magento_Email
"Delete Template","Odstrániť šablónu",module,Magento_Email
"Convert to Plain Text","Konvertovať na obyčajný Text",module,Magento_Email
"Return Html Version","Vráti Html verziu",module,Magento_Email
"Preview Template","Náhľad šablóny",module,Magento_Email
"Save Template","Uložiť šablónu",module,Magento_Email
"Load Template","Načítať šablóny",module,Magento_Email
"Edit Email Template","Upraviť šablónu e-mailu",module,Magento_Email
"New Email Template","Nová šablóna e-mailu",module,Magento_Email
"Template Information","Informácie o šablóne",module,Magento_Email
"Template Name","Názov šablóny",module,Magento_Email
"Template Subject","Predmet šablóny",module,Magento_Email
"Insert Variable...","Vložiť premenú...",module,Magento_Email
"Template Content","Obsah šablóny",module,Magento_Email
"Template Styles","Štýly šablóny",module,Magento_Email
Preview,Náhľad,module,Magento_Email
Unknown,Neznámy,module,Magento_Email
"The email template is currently being used.","Šablóna e-mailu sa momentálne používa.",module,Magento_Email
"Edit Template","Upraviť šablónu",module,Magento_Email
"Edit System Template","Upraviť systémovú šablónu",module,Magento_Email
"New Template","Nová šablóna",module,Magento_Email
"New System Template","Nová systémová šablóna",module,Magento_Email
"Email Templates","Šablóny emailov",module,Magento_Email
"Email Preview","Náhľad e-mailu",module,Magento_Email
"An error occurred. The email template can not be opened for preview.","Vyskytla sa chyba. E-mailovú šablónu nemožno otvoriť pre náhľad.",module,Magento_Email
"This email template no longer exists.","Táto e-mailová šablóna už neexistuje.",module,Magento_Email
"Base Unsecure URL","Základná nezabezpečená URL adresa",module,Magento_Email
"Base Secure URL","Základná zabezpečená URL adresa",module,Magento_Email
"General Contact Name","Hlavné kontaktné meno",module,Magento_Email
"General Contact Email","Hlavný kontatkný e-mail",module,Magento_Email
"Sales Representative Contact Name","Kontaktné meno obchodného zástupcu",module,Magento_Email
"Sales Representative Contact Email","Kontaktný e-mail obchodného zástupcu",module,Magento_Email
"Custom1 Contact Name","1 dalšie kontaktné meno",module,Magento_Email
"Custom1 Contact Email","1 další kontatkný e-mail",module,Magento_Email
"Custom2 Contact Name","2 dalšie kontaktné meno",module,Magento_Email
"Custom2 Contact Email","2 další kontaktný e-mail",module,Magento_Email
"Store Name","Názov obchodu",module,Magento_Email
"Store Phone Number","Telefonícký kontakt obchodu",module,Magento_Email
Country,Krajina,module,Magento_Email
Region/State,Kraj/štát,module,Magento_Email
"Zip/Postal Code","Poštové smerovacie číslo",module,Magento_Email
City,Mesto,module,Magento_Email
"Street Address 1","Ulica prvý riadok",module,Magento_Email
"Street Address 2","Ulica druhý riadok",module,Magento_Email
"Store Contact Information","Kontaktné informácie",module,Magento_Email
"Template Variables","Premené šablóny",module,Magento_Email
"Duplicate Of Template Name","Duplicitný názov šablóny",module,Magento_Email
"Invalid transactional email code: %1","Neplatný kód trasakčného e-mailu: %1",module,Magento_Email
"Requested invalid store ""%1""","Požadovaný neplatný obchod ""%1""",module,Magento_Email
"Invalid sender data","Neplatné údaje odosieľateľa",module,Magento_Email
"Load default template","Načítať predvolenú šablónu",module,Magento_Email
Template,Šablóna,module,Magento_Email
"Items in Your Shopping Cart","Položky vo Vašom košíku",module,Magento_Paypal
"Edit Shopping Cart","Upraviť košík",module,Magento_Paypal
"Shopping Cart","Nákupný košík",module,Magento_Reports
"Shopping Cart","Nákupný košík",module,Magento_Sales
"Shop By","Nakupovať podľa",theme,frontend/Magento/luma
Cancel,Zrušiť,module,Magento_Catalog
"Configure Product","Konfigurácia produktu",module,Magento_Catalog
"Select type of option.","Vyberte typ možnosti.",module,Magento_Catalog
"Please add rows to option.","Prosím pridajte riadky k možnosti.",module,Magento_Catalog
"New Option","Nová možnosť",module,Magento_Catalog
"Select Product","Vyberte produkt",module,Magento_Catalog
"Please select items.","Prosím vyberte položky.",module,Magento_Catalog
"Choose existing category.","Vyberte existujúcu kategóriu.",module,Magento_Catalog
"Create Category","Vytvoriť kategóriu",module,Magento_Catalog
"unselect all","zrušiť výber všetkých",module,Magento_Catalog
"Are you sure you want to delete this address?","Ste si istí, že chcete odstrániť túto adresu?",module,Magento_Customer
"Use HTTPS to Get Feed","Získajte Feed pomocou HTTPS",module,Magento_AdminNotification
"Update Frequency","Frekvencia aktualizácií",module,Magento_AdminNotification
"Last Update","Posledná aktualizácia",module,Magento_AdminNotification
Severity,Závažnosť,module,Magento_AdminNotification
"Date Added","Datum pridania",module,Magento_AdminNotification
Message,Správa,module,Magento_AdminNotification
Actions,Akcie,module,Magento_AdminNotification
"Design Theme","Dizajn Motívu",module,Magento_Backend
"User-Agent Exceptions","User-Agent výnimky",module,Magento_Backend
"Find a string in client user-agent header and switch to specific design theme for that browser.","Vyhľadať reťazec v hlavičke user-agent klienta, a prejsť na špecifický motív dizajnu k danému prehľadači.",module,Magento_Backend
"If the current frame position does not cover utmost pages, will render link to current position plus/minus this value.","Pri veľkom počte stránok v katalógu je vhodné umožniť rýchly posun v zobrazených odkazoch.",module,Magento_Backend
"Alternative text for previous link in pagination menu. If empty, default arrow image will used.","Alternatívny text pre predchádzajúci odkaz v stránkovani. Nechajte prázdne pre použitie predvoleného obrázku(šípky).",module,Magento_Backend
"Alternative text for next link in pagination menu. If empty, default arrow image will used.","Alternatívny text pre následujúci odkaz v stránkovani. Nechajte prázdne pre použitie predvoleného obrázku(šípky).",module,Magento_Backend
"Enable Javascript Bundling","Povoliť zoskupenie Javascriptu",module,Magento_Backend
"Recovery Link Expiration Period (days)","Doba platnosti odkazu obnovy (dni)",module,Magento_Backend
"Values less than 60 are ignored.","Hodnoty menšie ako 60 sú ignorované.",module,Magento_Backend
"Backup Type","Typ zálohovania",module,Magento_Backup
"Start Time","Čas začiatku",module,Magento_Backup
Frequency,Frekvencia,module,Magento_Backup
"Maintenance Mode","Režim údržby",module,Magento_Backup
Delete,Zmazať,module,Magento_Backup
"Are you sure you want to delete the selected backup(s)?","Naozaj chcete odstrániť vybraté súbory zálohy?",module,Magento_Backup
Time,Čas,module,Magento_Backup
Name,Názov,module,Magento_Backup
Size(bytes),Veľkosť(bajty),module,Magento_Backup
Type,Typ,module,Magento_Backup
Download,Stiahnuť,module,Magento_Backup
Action,Akcia,module,Magento_Backup
"Capture action","Zachytiť akciu",module,Magento_Braintree
"Use Vault","Použiť hodnotu",module,Magento_Braintree
"Allow Duplicate Cards","Povoliť duplicitné karty",module,Magento_Braintree
"Your Kount ID","Vaše Kount ID",module,Magento_Braintree
"Use Cache","Používanie vyrovnávacej pamäte",module,Magento_Braintree
Font,Písmo,module,Magento_Captcha
Forms,Formuláre,module,Magento_Captcha
"Displaying Mode","Režim zobrazenia",module,Magento_Captcha
"CAPTCHA Timeout (minutes)","Časový limit pre CAPTCHA (minút)",module,Magento_Captcha
Inventory,Inventár,module,Magento_CatalogInventory
"Stock Options","Možnosti zásob",module,Magento_CatalogInventory
"Decrease Stock When Order is Placed","Znižovať stav zásob podľa objednávok",module,Magento_CatalogInventory
"Set Items' Status to be In Stock When Order is Cancelled","Po zrušení objednávky nastaviť stav zásoby na ""Skladom""",module,Magento_CatalogInventory
"Display Out of Stock Products","Zobrazovať vypredané produkty",module,Magento_CatalogInventory
"Products will still be shown by direct product URLs.","Výrobok bude stále dostupný zadaním priamej URL adresy.",module,Magento_CatalogInventory
"Display products availability in stock on Storefront.","Zobraziť dostupnosť produktov na sklade v obchode.",module,Magento_CatalogInventory
"Product Stock Options","Možnosti zásoby produktu",module,Magento_CatalogInventory
"Manage Stock","Správa zásob",module,Magento_CatalogInventory
Backorders,Do-objednávky,module,Magento_CatalogInventory
"Maximum Qty Allowed in Shopping Cart","Maximálne množstvo povolené v nákupnom košíku",module,Magento_CatalogInventory
"Minimum Qty Allowed in Shopping Cart","Minimálne množstvo povolené v nákupnom košíku",module,Magento_CatalogInventory
"Notify for Quantity Below","Upozorniť na množstvo nižšie",module,Magento_CatalogInventory
"Enable Qty Increments","Povoliť množstvo po krokoch",module,Magento_CatalogInventory
"Qty Increments","Množstevný krok",module,Magento_CatalogInventory
"Product Fields Auto-Generation","Samotvorba políčok produktu",module,Magento_Catalog
"Mask for SKU","Predefinované katalogového čísla",module,Magento_Catalog
"Use {{name}} as Product Name placeholder","Použite {{name}} ako zástupný reťazec pre Názov produktu",module,Magento_Catalog
"Mask for Meta Title","Predefinovaný META titulok",module,Magento_Catalog
"Mask for Meta Keywords","Preddefinované META kľučové slova",module,Magento_Catalog
"Use {{name}} as Product Name or {{sku}} as Product SKU placeholders","Používať {{name}} ako názov produktu alebo {{sku}} ako katalogové číslo produktu",module,Magento_Catalog
"Mask for Meta Description","Preddefinovaný META popis",module,Magento_Catalog
"Use {{name}} and {{description}} as Product Name and Product Description placeholders","Používať {{name}} a {{description}} ako preddefinovaný názov a popis produktu",module,Magento_Catalog
Storefront,Obchod,module,Magento_Catalog
"List Mode","Režim zoznamu",module,Magento_Catalog
"Products per Page on Grid Allowed Values","Prednastavný počet produktov na stránke pri použití mriežky",module,Magento_Catalog
Comma-separated.,"Oddelené čiarkou.",module,Magento_Catalog
"Products per Page on Grid Default Value","Prednastavný počet produktov na stránke pri použití mriežky",module,Magento_Catalog
"Must be in the allowed values list","Musíte byť v zozname povolených hodnôt",module,Magento_Catalog
"Products per Page on List Allowed Values","Prednastavný počet produktov na stránke pri použití zoznamu",module,Magento_Catalog
"Products per Page on List Default Value","Prednastavný počet produktov na stránke",module,Magento_Catalog
"Use Flat Catalog Category","Použiť predpripravené kategórie v katalógu",module,Magento_Catalog
"Use Flat Catalog Product","Použiť predpripravené zoznami produktov v katalógu",module,Magento_Catalog
"Product Listing Sort by","Produkty zoradené podľa",module,Magento_Catalog
"Allow All Products per Page","Povoliť možnost zobraziť všetky produkty",module,Magento_Catalog
"Whether to show ""All"" option in the ""Show X Per Page"" dropdown","Pridať možnosť ""Všetky"" do rozbalovacieho menu ""Zobraziť X produktov na stránku""",module,Magento_Catalog
"Allow Dynamic Media URLs in Products and Categories","Povoliť dynamické URL adresy médii u produktov a kategóriach",module,Magento_Catalog
"E.g. {{media url=""path/to/image.jpg""}} {{skin url=""path/to/picture.gif""}}. Dynamic directives parsing impacts catalog performance.","Napr. {{media url=""path/to/image.jpg""}} {{skin url=""path/to/picture.gif""}}. Dynamické pravidlá majú vpliv na výkon.",module,Magento_Catalog
"Product Image Placeholders","Zástupný obrázok",module,Magento_Catalog
"Search Engine Optimization","Optimalizácia pre vyhľadávače",module,Magento_Catalog
"Page Title Separator","Oddeľovač názvu stránky",module,Magento_Catalog
"Use Canonical Link Meta Tag For Categories","Použite kanonické odkazy Meta tagu pre kategórie",module,Magento_Catalog
"Use Canonical Link Meta Tag For Products","Použite kanonické odkazy Meta tagu pre produkty",module,Magento_Catalog
"Category Top Navigation","Menu v hlavičke stránky",module,Magento_Catalog
"Maximal Depth","Maximálna hĺbka",module,Magento_Catalog
"Date & Time Custom Options","Vlastné možnosti dátumu a času",module,Magento_Catalog
"Use JavaScript Calendar","Používať JavaScript kalendár",module,Magento_Catalog
"Date Fields Order","Poradie políčok v dátume",module,Magento_Catalog
"Time Format","Formát času",module,Magento_Catalog
"Year Range","Rozsah rokov",module,Magento_Catalog
"Please use a four-digit year format.","Prosím, zadajte rok vo štvormiestom formáte.",module,Magento_Catalog
"Product Image Watermarks","Vodoznaky obrázkov produktu",module,Magento_Catalog
"Watermark Default Size","Predvolená veľkosť vodoznaku",module,Magento_Catalog
"Watermark Opacity, Percent","Nepriehladnost vodozku, v percentách",module,Magento_Catalog
Watermark,Vodoznak,module,Magento_Catalog
"Watermark Position","Poloha vodoznaku",module,Magento_Catalog
"Use Static URLs for Media Content in WYSIWYG for Catalog","Používať statické URL pre multimediálny obsah vo WYSIWYG pre katalóg",module,Magento_Catalog
"This applies only to catalog products and categories. Media content will be inserted into the editor as a static URL. Media content is not updated if the system configuration base URL changes.","Toto platí iba pre Katalóg produktov a kategórií. Mediálny obsah sa vloží do editora ako statické URL. Mediálny obsah sa neaktualizuje pri zmene nastavenie základných URL systému.",module,Magento_Catalog
"Product Flat Data","Predpripravné data produktov",module,Magento_Catalog
"Reorganize EAV product structure to flat structure","Zmeniť štruktúru produktov z EAV na predpripravenú",module,Magento_Catalog
"Category Flat Data","Predpripravné data kategórie",module,Magento_Catalog
"Reorganize EAV category structure to flat structure","Zmeniť štruktúru kategórii z EAV na predpripravenú",module,Magento_Catalog
"Indexed category/products association","Indexované zoskupenie kategórii k produktom",module,Magento_Catalog
"Product Categories","Kategórie produktov",module,Magento_Catalog
"Indexed product/categories association","Indexované zoskupenie produktov ku kategóriam",module,Magento_Catalog
"Product Price","Cena produktu",module,Magento_Catalog
"Index product prices","Indexovať ceny produktov",module,Magento_Catalog
"Catalog New Products List","Nový zoznam produktov katalogu",module,Magento_Catalog
"List of Products that are set as New","Zoznam výrobkov, ktoré sú nastavené ako nový",module,Magento_Catalog
"Display Type","Zobraziť typ",module,Magento_Catalog
"All products - recently added products, New products - products marked as new","Všetky produkty - naposledy pridané produkty, Nové výrobky - výrobky označené ako nové",module,Magento_Catalog
"All products","Všetky produkty",module,Magento_Catalog
"New products","Nové produkty",module,Magento_Catalog
"Number of Products per Page","Počet produktov na stránku",module,Magento_Catalog
"Number of Products to Display","Počet produktov k zobrazeniu",module,Magento_Catalog
Template,Šablóna,module,Magento_Catalog
"New Products Grid Template","Nová šablóna pre výpis produktov v mriežke",module,Magento_Catalog
"New Products List Template","Nová šablóna pre výpis produktov v zozname",module,Magento_Catalog
"New Products Images and Names Template","Nová šablona pre obrázky a názvy produktov",module,Magento_Catalog
"New Products Names Only Template","Nová šablona pre Samotné názvy produktov",module,Magento_Catalog
"New Products Images Only Template","Nová šablona pre Samotné obrázky produktov",module,Magento_Catalog
"Cache Lifetime (Seconds)","Životnosť vyrovnávacej pamäte (v sekundách)",module,Magento_Catalog
"86400 by default, if not set. To refresh instantly, clear the Blocks HTML Output cache.","86400 ako predvolené, ak nie je nastavené. Pre okamžite obnovenie, vymažte vyrovnávaciu pamäť pre HTML bloky.",module,Magento_Catalog
"Catalog Product Link","Odkaz na produkt v katalogu",module,Magento_Catalog
"Link to a Specified Product","Odkaz na určitý produkt",module,Magento_Catalog
"Anchor Custom Text","Vlastný Text kotvy",module,Magento_Catalog
"Anchor Custom Title","Vlastný titulok kotvy",module,Magento_Catalog
"Product Link Block Template","Šablóna odkazu na produkt ako blok",module,Magento_Catalog
"Product Link Inline Template","Šablóna odkazu na produkt v riadku",module,Magento_Catalog
"Catalog Category Link","Odkaz na kategóriu v katalogu",module,Magento_Catalog
"Link to a Specified Category","Odkaz na určitú kategóriu",module,Magento_Catalog
"Category Link Block Template","Šablóna odkazu na kategóriu ako blok",module,Magento_Catalog
"Category Link Inline Template","Šablóna odkazu na kategóriu v riadku",module,Magento_Catalog
Set,Nastaviť,module,Magento_Catalog
"Change status","Zmeniť stav",module,Magento_Catalog
none,žiadna,module,Magento_Catalog
Overview,Prehľad,module,Magento_Catalog
Details,Podrobnosti,module,Magento_Catalog
"Require Customer To Be Logged In To Checkout","Pre dokončenie nákup je zapotreby sa prihlásiť",module,Magento_Checkout
"Cron (Scheduled Tasks) - all the times are in minutes","Cron (naplánované úlohy) - všetky časy sú v minútach",module,Magento_Cron
"For correct URLs generated during cron runs please make sure that Web > Secure and Unsecure Base URLs are explicitly set.","Pre vytovrenie správnych URL odkazov z CRON skriptov, skontrolujte, že sú správne nastavené adresy pre nezabezpečené a zabezpečené stránky (Web -> domovská adresa -> zabezpečená a nezabezpečená).",module,Magento_Cron
"Customer Configuration","Nastavenie zákazníka",module,Magento_Customer
"Account Sharing Options","Možnosti zdielania účtu",module,Magento_Customer
"Share Customer Accounts","Zdielať zákaznícke účty",module,Magento_Customer
"Create New Account Options","Vytvoriť nové možnosti účtu",module,Magento_Customer
"Welcome Email","Uvítací e-mail",module,Magento_Customer
"Password Options","Nastavenie hesla",module,Magento_Customer
"Recovery Link Expiration Period (days)","Doba platnosti odkazu obnovy (dni)",module,Magento_Customer
"Show Date of Birth","Ukázať dátum narodenia",module,Magento_Customer
"Show Tax/VAT Number","Ukázať čísla IČO/DIČ",module,Magento_Customer
"Account Created in","Konto vytvorené v",module,Magento_Customer
"First Name",Meno,module,Magento_Customer
"Last Name",Priezvisko,module,Magento_Customer
"Last Activity","Posledná aktivita",module,Magento_Customer
"Password forgotten","Zabudnuté heslo",module,Magento_Customer
"No Templates Found","Nenašli sa žiadne šablóny",module,Magento_Email
Added,Pridané,module,Magento_Email
Updated,Aktualizované,module,Magento_Email
Subject,Predmet,module,Magento_Email
"Template Type","Typ šablóny",module,Magento_Email
Action,Akcia,module,Magento_Email
"Log JS Errors to Session Storage","Zaznamenať chyby JS aby úložiska Sesssion",module,Magento_Ui
"Log JS Errors to Session Storage Key","Zaznamenať chyby JS aby kľuča úložiska Sesssion",module,Magento_Ui
Summary,Zhrnutie,theme,frontend/Magento/blank
